<?xml version="1.0" encoding="UTF-8"?>
<rss version="2.0" xmlns:ror="http://rorweb.com/0.1/" >
<channel>
  <title>ROR Sitemap for https://haukdpd02020.000webhostapp.com/</title>
  <link>https://haukdpd02020.000webhostapp.com/</link>

<item>
     <link>https://haukdpd02020.000webhostapp.com/</link>
     <title>Trường thi</title>
     <description>Trường thi</description>
     <ror:updatePeriod></ror:updatePeriod>
     <ror:sortOrder>0</ror:sortOrder>
     <ror:resourceOf>sitemap</ror:resourceOf>
</item>
<item>
     <link>https://haukdpd02020.000webhostapp.com/index.php</link>
     <title>Trường thi</title>
     <description>Trường thi</description>
     <ror:updatePeriod></ror:updatePeriod>
     <ror:sortOrder>1</ror:sortOrder>
     <ror:resourceOf>sitemap</ror:resourceOf>
</item>
<item>
     <link>https://haukdpd02020.000webhostapp.com/introduce.php</link>
     <title>Trường thi</title>
     <description>Trường thi</description>
     <ror:updatePeriod></ror:updatePeriod>
     <ror:sortOrder>1</ror:sortOrder>
     <ror:resourceOf>sitemap</ror:resourceOf>
</item>
<item>
     <link>https://haukdpd02020.000webhostapp.com/intro-school.php</link>
     <title>Liên hệ</title>
     <description>Liên hệ</description>
     <ror:updatePeriod></ror:updatePeriod>
     <ror:sortOrder>1</ror:sortOrder>
     <ror:resourceOf>sitemap</ror:resourceOf>
</item>
<item>
     <link>https://haukdpd02020.000webhostapp.com/intro-Devoloment-school.php</link>
     <title>Trường thi</title>
     <description>Trường thi</description>
     <ror:updatePeriod></ror:updatePeriod>
     <ror:sortOrder>1</ror:sortOrder>
     <ror:resourceOf>sitemap</ror:resourceOf>
</item>
<item>
     <link>https://haukdpd02020.000webhostapp.com/intro-function-school.php</link>
     <title>Trường thi</title>
     <description>Trường thi</description>
     <ror:updatePeriod></ror:updatePeriod>
     <ror:sortOrder>1</ror:sortOrder>
     <ror:resourceOf>sitemap</ror:resourceOf>
</item>
<item>
     <link>https://haukdpd02020.000webhostapp.com/intro-achiavement-school.php</link>
     <title>Trường thi</title>
     <description>Trường thi</description>
     <ror:updatePeriod></ror:updatePeriod>
     <ror:sortOrder>1</ror:sortOrder>
     <ror:resourceOf>sitemap</ror:resourceOf>
</item>
<item>
     <link>https://haukdpd02020.000webhostapp.com/news.php</link>
     <title>Trường thi</title>
     <description>Trường thi</description>
     <ror:updatePeriod></ror:updatePeriod>
     <ror:sortOrder>1</ror:sortOrder>
     <ror:resourceOf>sitemap</ror:resourceOf>
</item>
<item>
     <link>https://haukdpd02020.000webhostapp.com/news-education.php</link>
     <title>Trường thi</title>
     <description>Trường thi</description>
     <ror:updatePeriod></ror:updatePeriod>
     <ror:sortOrder>1</ror:sortOrder>
     <ror:resourceOf>sitemap</ror:resourceOf>
</item>
<item>
     <link>https://haukdpd02020.000webhostapp.com/news-huong-nghiep.php</link>
     <title>Trường thi</title>
     <description>Trường thi</description>
     <ror:updatePeriod></ror:updatePeriod>
     <ror:sortOrder>1</ror:sortOrder>
     <ror:resourceOf>sitemap</ror:resourceOf>
</item>
<item>
     <link>https://haukdpd02020.000webhostapp.com/news-tiepsuc.php</link>
     <title>Trường thi</title>
     <description>Trường thi</description>
     <ror:updatePeriod></ror:updatePeriod>
     <ror:sortOrder>1</ror:sortOrder>
     <ror:resourceOf>sitemap</ror:resourceOf>
</item>
<item>
     <link>https://haukdpd02020.000webhostapp.com/news-TeachAndLearn.php</link>
     <title>Trường thi</title>
     <description>Trường thi</description>
     <ror:updatePeriod></ror:updatePeriod>
     <ror:sortOrder>1</ror:sortOrder>
     <ror:resourceOf>sitemap</ror:resourceOf>
</item>
<item>
     <link>https://haukdpd02020.000webhostapp.com/Library.php</link>
     <title>Trường thi</title>
     <description>Trường thi</description>
     <ror:updatePeriod></ror:updatePeriod>
     <ror:sortOrder>1</ror:sortOrder>
     <ror:resourceOf>sitemap</ror:resourceOf>
</item>
<item>
     <link>https://haukdpd02020.000webhostapp.com/thoikhoabieu.php</link>
     <title>Trường thi</title>
     <description>Trường thi</description>
     <ror:updatePeriod></ror:updatePeriod>
     <ror:sortOrder>1</ror:sortOrder>
     <ror:resourceOf>sitemap</ror:resourceOf>
</item>
<item>
     <link>https://haukdpd02020.000webhostapp.com/images.php</link>
     <title>Trường thi</title>
     <description>Trường thi</description>
     <ror:updatePeriod></ror:updatePeriod>
     <ror:sortOrder>1</ror:sortOrder>
     <ror:resourceOf>sitemap</ror:resourceOf>
</item>
<item>
     <link>https://haukdpd02020.000webhostapp.com/contract.php</link>
     <title>Trường thi</title>
     <description>Trường thi</description>
     <ror:updatePeriod></ror:updatePeriod>
     <ror:sortOrder>1</ror:sortOrder>
     <ror:resourceOf>sitemap</ror:resourceOf>
</item>
<item>
     <link>https://haukdpd02020.000webhostapp.com/introduce.html</link>
     <title>Giới thiệu</title>
     <description>Giới thiệu</description>
     <ror:updatePeriod></ror:updatePeriod>
     <ror:sortOrder>2</ror:sortOrder>
     <ror:resourceOf>sitemap</ror:resourceOf>
</item>
</channel>
</rss>
  